,similar_image_name
0_1.jpg,2_4.jpg
0_2.jpg,n2.jpg
0_3.jpg,2_4.jpg
0_4.jpg,1_2.jpg
1_1.jpg,1_3.jpg
1_2.jpg,n8.jpg
1_3.jpg,1_1.jpg
2_1.jpg,1_2.jpg
2_2.jpg,2_4.jpg
2_3.jpg,3_3.jpg
2_4.jpg,2_2.jpg
3_1.jpg,3_4.jpg
3_2.jpg,3_1.jpg
3_3.jpg,2_3.jpg
3_4.jpg,3_1.jpg
4_1.jpg,n2.jpg
4_2.jpg,n2.jpg
5_1.jpg,5_2.jpg
5_2.jpg,5_1.jpg
5_3.jpg,n11.jpg
5_4.jpg,2_4.jpg
5_5.jpg,n13.jpg
5_6.jpg,n10.jpg
6_1.jpg,n4.jpg
6_2.jpg,2_1.jpg
n1.jpg,n11.jpg
n10.jpg,5_6.jpg
n11.jpg,n13.jpg
n12.jpg,n11.jpg
n13.jpg,n11.jpg
n14.jpg,n12.jpg
n2.jpg,4_1.jpg
n3.jpg,n9.jpg
n4.jpg,6_1.jpg
n5.jpg,n1.jpg
n6.jpg,n3.jpg
n7.jpg,n9.jpg
n8.jpg,4_2.jpg
n9.jpg,n3.jpg
